,Date,Open,High,Low,Close,Adj Close,Volume,SMA10,SMA20,RSI,RSI Buy Stock Flag,RSI Sell Stock Flag,SMA Buy Stock Flag,SMA Sell Stock Flag
0,2014-12-29,74.0,74.0999984741211,73.5,74.0,48.32783889770508,8614012,,,,False,False,False,False
1,2015-01-05,73.1500015258789,73.3499984741211,70.44999694824219,71.0999984741211,46.43392562866211,135730555,,,,False,False,False,False
2,2015-01-12,71.0,71.5,69.80000305175781,70.19999694824219,45.846153259277344,95830978,,,,False,False,False,False
3,2015-01-19,70.0,73.8499984741211,69.75,73.0999984741211,47.74007797241211,116975793,,,,False,False,False,False
4,2015-01-26,72.44999694824219,73.4000015258789,72.1500015258789,72.44999694824219,47.31556701660156,81425197,,,,False,False,False,False
5,2015-02-02,71.4000015258789,72.9000015258789,71.0999984741211,72.8499984741211,47.57679748535156,67773042,,,,False,False,False,False
6,2015-02-09,73.05000305175781,73.05000305175781,70.0,71.75,46.858428955078125,96048948,,,,False,False,False,False
7,2015-02-16,71.9000015258789,72.19999694824219,71.5999984741211,71.94999694824219,46.989044189453125,30608978,,,,False,False,False,False
8,2015-02-23,72.1500015258789,72.30000305175781,69.1500015258789,69.80000305175781,45.58491134643555,124944507,,,,False,False,False,False
9,2015-03-02,69.55000305175781,70.05000305175781,67.3499984741211,67.80000305175781,44.27876281738281,128160451,71.49999923706055,,,False,False,False,False
10,2015-03-09,66.6500015258789,67.0999984741211,64.8499984741211,65.0,43.41422271728516,152492664,70.59999923706054,,,False,False,False,False
11,2015-03-16,64.5,66.75,64.3499984741211,66.44999694824219,44.3826904296875,88128496,70.13499908447265,,,False,False,False,False
12,2015-03-23,67.3499984741211,67.94999694824219,66.9000015258789,67.3499984741211,44.98381805419922,71391447,69.84999923706054,,,False,False,False,False
13,2015-03-30,67.05000305175781,67.3499984741211,66.0,67.0,44.75004196166992,65369265,69.23999938964843,,31.283419405429356,False,False,False,False
14,2015-04-06,67.0,69.44999694824219,67.0,69.19999694824219,46.21945190429688,117284460,68.91499938964844,,38.51673575712089,False,False,False,False
15,2015-04-13,69.19999694824219,71.69999694824219,69.19999694824219,70.55000305175781,47.121124267578125,167952844,68.68499984741212,,48.57882308595825,False,False,False,False
16,2015-04-20,70.4000015258789,73.94999694824219,69.80000305175781,73.80000305175781,49.291839599609375,141676823,68.89000015258789,,58.29494610552755,False,False,False,False
17,2015-04-27,76.0,78.25,76.0,76.94999694824219,51.39575958251953,252058821,69.39000015258789,,58.76993245462593,False,False,False,False
18,2015-05-04,76.4000015258789,77.0,74.05000305175781,76.55000305175781,51.12859344482422,152914858,70.06500015258788,,59.44702664313389,False,False,False,False
19,2015-05-11,76.80000305175781,76.8499984741211,74.30000305175781,75.6500015258789,50.5274772644043,98595909,70.85,71.17499961853028,56.306318381082384,False,False,False,True
20,2015-05-18,75.3499984741211,75.44999694824219,73.80000305175781,75.1500015258789,50.19351959228516,79920127,71.8650001525879,71.23249969482421,57.870380018317626,False,False,True,False
21,2015-05-25,75.1500015258789,75.5999984741211,73.30000305175781,74.1500015258789,50.045711517333984,104738698,72.63500061035157,71.3849998474121,54.91072751430427,False,False,False,False
22,2015-06-01,73.80000305175781,74.5999984741211,72.8499984741211,73.0999984741211,49.337032318115234,109399218,73.21000061035156,71.52999992370606,57.74646979242669,False,False,False,False
23,2015-06-08,73.0,75.30000305175781,72.5999984741211,73.25,49.43826675415039,109131808,73.83500061035156,71.5375,64.01027712946438,False,False,False,False
24,2015-06-15,73.0,73.4000015258789,71.69999694824219,72.5,48.93207550048828,57481877,74.16500091552734,71.5400001525879,71.55173169777765,False,True,False,False
25,2015-06-22,72.5,73.80000305175781,71.75,71.94999694824219,48.56087112426758,62140473,74.30500030517578,71.49500007629395,66.66666666666666,False,False,False,False
26,2015-06-29,71.0,71.0,69.30000305175781,69.55000305175781,46.94105529785156,93554236,73.88000030517578,71.38500022888184,56.11112641700169,False,False,False,False
27,2015-07-06,68.5,69.0,65.0,68.0999984741211,45.9624137878418,190100130,72.99500045776367,71.19250030517578,52.87957738743147,False,False,False,False
28,2015-07-13,67.05000305175781,70.44999694824219,67.0,70.30000305175781,47.44724655151367,87070001,72.37000045776367,71.21750030517578,52.87959620943041,False,False,False,False
29,2015-07-20,70.0999984741211,71.0,69.0,69.1500015258789,46.671085357666016,43281901,71.72000045776367,71.28500022888184,46.296292558595965,False,False,False,False
30,2015-07-27,68.5,70.19999694824219,67.5999984741211,69.69999694824219,47.04228973388672,65377151,71.175,71.52000007629394,37.345657790508085,False,False,False,True
31,2015-08-03,69.80000305175781,71.5,69.3499984741211,71.05000305175781,47.95343780517578,74099226,70.8650001525879,71.75000038146973,29.513923106348386,True,False,False,False
32,2015-08-10,70.80000305175781,70.9000015258789,67.75,68.0,45.89492034912109,76313618,70.35500030517578,71.78250045776367,24.92670419459634,False,False,False,False
33,2015-08-17,67.80000305175781,68.1500015258789,64.0,64.9000015258789,44.30277633666992,106633615,69.52000045776367,71.67750053405761,22.077944210740753,False,False,False,False
34,2015-08-24,62.70000076293945,62.84999847412109,60.0,61.150001525878906,41.74291229248047,171374931,68.38500061035157,71.27500076293946,18.888909987447107,False,False,False,False
35,2015-08-31,61.5,61.75,59.0,59.400001525878906,40.54830551147461,94788413,67.13000106811523,70.71750068664551,18.279590710324058,False,False,False,False
36,2015-09-07,58.70000076293945,62.34999847412109,58.09999847412109,60.45000076293945,41.26506423950195,148749797,66.22000083923339,70.0500005722046,22.795717237386114,False,False,False,False
37,2015-09-14,60.84999847412109,61.79999923706055,60.0,60.25,41.128543853759766,95922778,65.43500099182128,69.21500072479247,22.10301708034011,False,False,False,False
38,2015-09-21,59.5,61.150001525878906,58.25,58.75,40.104591369628906,140924589,64.28000068664551,68.32500057220459,21.413734109532683,False,False,False,False
39,2015-09-28,58.75,59.650001525878906,56.79999923706055,59.34999847412109,40.51416015625,86186801,63.30000038146973,67.5100004196167,23.858930947982074,False,False,False,False
40,2015-10-05,60.29999923706055,63.20000076293945,60.09999847412109,62.650001525878906,42.766849517822266,122337508,62.5950008392334,66.8850004196167,36.20000537109047,False,False,False,False
41,2015-10-12,63.20000076293945,63.29999923706055,61.09999847412109,62.75,42.83510971069336,69562700,61.76500053405762,66.31500034332275,38.68922536351712,False,False,False,False
42,2015-10-19,62.20000076293945,62.70000076293945,60.5,61.09999847412109,41.70877456665039,60022754,61.07500038146973,65.71500034332276,30.086575439829517,False,False,False,False
43,2015-10-26,61.70000076293945,61.79999923706055,60.79999923706055,61.0,42.165016174316406,52311547,60.68500022888183,65.10250034332276,31.519273474138615,False,False,False,False
44,2015-11-02,60.5,62.09999847412109,60.20000076293945,60.900001525878906,42.09589385986328,91633730,60.660000228881835,64.5225004196167,29.62964598206527,True,False,False,False
45,2015-11-09,61.650001525878906,62.59999847412109,61.0,61.04999923706055,42.19957733154297,94561500,60.825,63.97750053405762,25.49018397875588,False,False,False,False
46,2015-11-16,60.5,63.0,60.20000076293945,62.95000076293945,43.51292037963867,72828524,61.075,63.6475004196167,36.883116265456216,False,False,False,False
47,2015-11-23,62.70000076293945,63.0,61.79999923706055,62.0,42.85624313354492,64189668,61.25,63.34250049591064,41.5204626179712,False,False,False,False
48,2015-11-30,61.79999923706055,63.0,61.34999847412109,61.5,42.510623931884766,67218680,61.525,62.90250034332276,51.26353253675468,False,False,False,False
49,2015-12-07,61.900001525878906,62.0,59.75,60.04999923706055,41.50835037231445,85245952,61.59500007629394,62.447500228881836,52.39851567446526,False,False,False,False
50,2015-12-14,59.0,61.95000076293945,58.79999923706055,61.5,42.510623931884766,105229381,61.47999992370605,62.03750038146973,53.76343791983886,False,False,False,False
51,2015-12-21,61.0,62.25,60.900001525878906,62.150001525878906,42.959938049316406,25909606,61.420000076293945,61.59250030517578,56.59722682134556,False,False,False,False
52,2015-12-28,62.25,62.45000076293945,61.59999847412109,61.900001525878906,42.7871322631836,22945088,61.500000381469725,61.28750038146973,61.97719072381769,False,False,True,False
53,2016-01-04,61.59999847412109,61.59999847412109,56.84999847412109,57.400001525878906,39.67659378051758,153262075,61.14000053405762,60.91250038146973,44.281534899663434,False,False,False,False
54,2016-01-11,56.20000076293945,57.59999847412109,55.79999923706055,56.09999847412109,38.77798461914063,140267254,60.660000228881835,60.660000228881835,28.239196931615282,True,False,False,False
55,2016-01-18,54.34999847412109,54.650001525878906,51.75,52.84999847412109,36.531497955322266,198025046,59.84000015258789,60.33250007629395,22.80220045097255,False,False,False,True
56,2016-01-25,53.70000076293945,54.84999847412109,51.70000076293945,54.5,37.672019958496094,127452467,58.99500007629395,60.035000038146975,31.868140620605004,False,False,False,False
57,2016-02-01,54.79999923706055,55.0,51.900001525878906,52.34999847412109,36.18587875366211,118434731,58.02999992370606,59.63999996185303,28.641979587892294,True,False,False,False
58,2016-02-08,52.34999847412109,52.34999847412109,47.79999923706055,48.09999847412109,33.248146057128906,101642152,56.68999977111817,59.10749988555908,23.770495391409696,False,False,False,False
59,2016-02-15,49.59999847412109,51.150001525878906,49.400001525878906,50.25,34.73430252075195,91859878,55.70999984741211,58.652499961853025,29.54546603945755,False,False,False,False
60,2016-02-22,50.34999847412109,51.25,47.650001525878906,49.54999923706055,34.250431060791016,174274555,54.51499977111816,57.99749984741211,23.412708264204625,False,False,False,False
61,2016-02-29,50.04999923706055,51.29999923706055,49.09999847412109,50.25,34.73430252075195,110355019,53.32499961853027,57.37249984741211,26.45291733226351,False,False,False,False
62,2016-03-07,50.04999923706055,50.650001525878906,49.150001525878906,50.29999923706055,35.91820526123047,147935005,52.164999389648436,56.83249988555908,27.142866262537325,False,False,False,False
63,2016-03-14,50.5,51.0,49.79999923706055,50.0,35.7039794921875,91055005,51.42499923706055,56.28249988555908,28.479668162321445,False,False,False,False
64,2016-03-21,50.400001525878906,50.650001525878906,48.650001525878906,48.79999923706055,34.84708404541016,69168785,50.69499931335449,55.677499771118164,22.51083266218363,False,False,False,False
65,2016-03-28,48.79999923706055,49.25,47.84999847412109,47.95000076293945,34.240108489990234,113433560,50.20499954223633,55.02249984741211,19.527904338553824,False,False,False,False
66,2016-04-04,47.95000076293945,47.95000076293945,45.04999923706055,46.0,32.84765625,135943308,49.35499954223633,54.17499980926514,18.200006652830027,False,False,False,False
67,2016-04-11,45.95000076293945,49.5,45.75,49.29999923706055,35.20412063598633,149567696,49.04999961853027,53.53999977111816,32.98319337832859,False,False,False,False
68,2016-04-18,49.09999847412109,52.900001525878906,48.400001525878906,52.150001525878906,37.23925018310547,178594813,49.454999923706055,53.07249984741211,42.20908087336836,False,False,False,False
69,2016-04-25,51.59999847412109,53.45000076293945,51.04999923706055,51.79999923706055,36.98933029174805,117628561,49.60999984741211,52.65999984741211,47.66147250657803,False,False,False,False
70,2016-05-02,51.79999923706055,53.09999847412109,48.34999847412109,48.34999847412109,34.5257453918457,133740408,49.489999771118164,52.00249977111817,37.31958847216153,False,False,False,False
71,2016-05-09,49.0,49.20000076293945,47.04999923706055,47.29999923706055,33.775962829589844,117207618,49.19499969482422,51.259999656677245,39.09287673422443,False,False,False,False
72,2016-05-16,47.45000076293945,49.400001525878906,47.45000076293945,48.70000076293945,34.77568435668945,125399998,49.03499984741211,50.599999618530276,51.477837649921796,False,False,False,False
73,2016-05-23,48.25,51.150001525878906,47.900001525878906,50.84999847412109,36.90116882324219,134511179,49.119999694824216,50.27249946594238,51.47782853182658,False,False,False,False
74,2016-05-30,50.59999847412109,51.75,50.0,50.79999923706055,36.864891052246094,119612450,49.31999969482422,50.00749950408935,53.18066133062066,False,False,False,False
75,2016-06-06,50.5,51.09999847412109,49.20000076293945,49.34999847412109,35.81263732910156,73646395,49.45999946594238,49.83249950408935,47.794114072155345,False,False,False,False
76,2016-06-13,47.95000076293945,48.20000076293945,46.29999923706055,47.70000076293945,34.615264892578125,183993372,49.62999954223633,49.492499542236324,44.090912558815695,False,False,True,False
77,2016-06-20,49.0,51.150001525878906,44.5,47.45000076293945,34.433837890625,426927375,49.44499969482422,49.24749965667724,44.19134590335417,False,False,False,False
78,2016-06-27,46.400001525878906,47.75,45.29999923706055,47.34999847412109,34.36127853393555,218062128,48.96499938964844,49.20999965667724,46.522780326702694,False,False,False,True
79,2016-07-04,48.150001525878906,48.75,46.04999923706055,46.84999847412109,33.99842071533203,137203893,48.46999931335449,49.039999580383295,47.31706808749535,False,False,False,False
80,2016-07-11,47.75,49.79999923706055,47.400001525878906,49.59999847412109,35.99406051635742,141739742,48.59499931335449,49.04249954223632,58.45069943270265,False,False,False,False
81,2016-07-18,49.400001525878906,50.75,49.29999923706055,50.34999847412109,36.538330078125,99390497,48.89999923706054,49.04749946594238,52.79999739583385,False,False,False,False
82,2016-07-25,50.34999847412109,51.0,49.95000076293945,50.54999923706055,36.68346786499024,105437742,49.08499908447265,49.059999465942376,45.03104949888865,False,False,True,False
83,2016-08-01,50.79999923706055,53.84999847412109,49.75,53.5,38.8242416381836,158439806,49.349999237060544,49.23499946594238,54.545456399949984,False,False,False,False
84,2016-08-08,54.0,55.0,53.84999847412109,54.59999847412109,39.62249755859375,110549954,49.729999160766596,49.52499942779541,69.11315163084741,False,False,False,False
85,2016-08-15,54.650001525878906,55.5,53.84999847412109,54.900001525878906,40.41282653808594,103706517,50.28499946594238,49.872499465942376,74.35897812100266,False,True,False,False
86,2016-08-22,55.0,56.0,54.75,55.900001525878906,41.14894104003906,72166199,51.10499954223632,50.367499542236324,73.68421184719428,False,False,False,False
87,2016-08-29,55.79999923706055,59.79999923706055,55.5,59.0,43.4308967590332,210958739,52.259999465942386,50.852499580383295,75.23220048251784,False,False,False,False
88,2016-09-05,60.150001525878906,60.59999847412109,58.70000076293945,59.79999923706055,44.019798278808594,205215761,53.50499954223633,51.23499946594238,76.62721653077465,False,False,False,False
89,2016-09-12,59.04999923706055,59.400001525878906,57.25,58.34999847412109,42.95242691040039,131822261,54.654999542236325,51.56249942779541,76.62721653077465,False,False,False,False
90,2016-09-19,57.84999847412109,60.150001525878906,57.70000076293945,58.04999923706055,42.73158264160156,192515794,55.499999618530275,52.04749946594238,83.27973132761248,False,False,False,False
91,2016-09-26,57.5,58.650001525878906,56.900001525878906,57.150001525878906,42.06908416748047,144895965,56.179999923706056,52.5399995803833,79.93827254974586,False,False,False,False
92,2016-10-03,58.150001525878906,59.54999923706055,57.84999847412109,58.95000076293945,43.39408874511719,99461030,57.02000007629395,53.0524995803833,82.40224517339507,False,False,False,False
93,2016-10-10,58.95000076293945,59.79999923706055,57.34999847412109,58.5,43.06283950805664,99003706,57.52000007629395,53.43499965667725,82.63306028504446,False,False,False,False
94,2016-10-17,58.0,59.400001525878906,57.75,58.79999923706055,43.2836799621582,53619703,57.94000015258789,53.83499965667725,79.87013678664222,False,False,False,False
95,2016-10-24,59.150001525878906,59.54999923706055,58.25,58.34999847412109,43.52406311035156,95318416,58.28499984741211,54.28499965667724,76.49006890202894,False,False,False,False
96,2016-10-31,58.25,58.650001525878906,57.25,57.45000076293945,42.85274887084961,101741117,58.43999977111817,54.77249965667725,71.8354541929571,False,False,False,False
97,2016-11-07,57.70000076293945,61.150001525878906,56.59999847412109,61.150001525878906,45.61263275146485,313088409,58.65499992370606,55.45749969482422,73.11179347983926,False,False,False,False
98,2016-11-14,60.79999923706055,62.0,60.150001525878906,61.09999847412109,45.5753288269043,149689292,58.78499984741211,56.14499969482421,70.96774193548384,False,False,False,False
99,2016-11-21,60.95000076293945,61.79999923706055,60.59999847412109,61.59999847412109,45.94828796386719,81275281,59.10999984741211,56.882499694824205,71.33757404644695,False,False,False,False
100,2016-11-28,61.70000076293945,61.95000076293945,60.59999847412109,61.150001525878906,45.61263275146485,128826200,59.420000076293945,57.4599998474121,67.3267396537311,False,False,False,False
101,2016-12-05,61.20000076293945,67.25,60.84999847412109,65.75,49.0438346862793,285816944,60.27999992370606,58.229999923706046,70.2702777008983,False,True,False,False
102,2016-12-12,65.9000015258789,66.19999694824219,63.5,63.95000076293945,47.70118713378906,163414306,60.77999992370606,58.89999999999999,61.75638232573419,False,False,False,False
103,2016-12-19,64.19999694824219,64.25,62.0,62.20000076293945,46.39583206176758,99239660,61.15,59.33500003814696,60.72424446119561,False,False,False,False
104,2016-12-26,62.20000076293945,62.59999847412109,61.29999923706055,62.25,46.433135986328125,53550975,61.49500007629395,59.71750011444091,61.864413537482214,False,False,False,False
105,2017-01-02,62.25,63.95000076293945,62.20000076293945,63.75,47.55199813842773,51563812,62.035000228881835,60.16000003814696,68.03278722697287,False,False,False,False
106,2017-01-09,63.59999847412109,64.19999694824219,63.04999923706055,64.0,47.73848342895508,76473592,62.69000015258789,60.56499996185302,65.07462802138326,False,False,False,False
107,2017-01-16,63.70000076293945,65.0,63.09999847412109,64.5,48.1114387512207,101851362,63.025,60.83999996185302,67.85714772282947,False,False,False,False
108,2017-01-23,64.55000305175781,66.9000015258789,64.3499984741211,66.75,49.78974151611328,91373695,63.59000015258789,61.187499999999986,71.20000634765753,False,True,False,False
109,2017-01-30,66.75,67.0,65.3499984741211,65.80000305175781,49.08113098144531,47378792,64.01000061035157,61.560000228881826,69.35066890990774,False,False,False,False
110,2017-02-06,66.44999694824219,67.44999694824219,65.80000305175781,67.05000305175781,50.013519287109375,127771298,64.60000076293946,62.01000041961669,74.48980843013292,False,True,False,False
111,2017-02-13,67.0,68.3499984741211,66.69999694824219,68.30000305175781,50.94591522216797,101955329,64.85500106811523,62.567500495910636,70.84549291689429,False,False,False,False
112,2017-02-20,68.30000305175781,69.0999984741211,63.5,63.54999923706055,47.4028205871582,302589412,64.81500091552735,62.79750041961669,55.606410438829975,False,False,False,False
113,2017-02-27,63.0,64.19999694824219,62.400001525878906,63.25,48.384803771972656,150028928,64.9200008392334,63.035000419616686,53.81062815483484,False,False,False,False
114,2017-03-06,63.5,63.75,62.54999923706055,63.0,48.19356155395508,62033607,64.9950008392334,63.24500045776366,54.31235136905859,False,False,False,False
115,2017-03-13,63.59999847412109,64.5999984741211,63.150001525878906,64.1500015258789,49.07328414916992,120084292,65.03500099182129,63.53500061035156,45.55555979410808,False,False,False,False
116,2017-03-20,63.59999847412109,64.0,62.900001525878906,63.0,48.19356155395508,92825996,64.93500099182128,63.81250057220459,47.262246001109446,False,False,False,False
117,2017-03-27,62.79999923706055,63.84999847412109,62.54999923706055,63.29999923706055,48.42305755615234,75538664,64.81500091552735,63.92000045776367,53.45911436653239,False,False,False,False
118,2017-04-03,63.150001525878906,63.54999923706055,62.79999923706055,63.25,48.384803771972656,69136614,64.46500091552734,64.02750053405762,53.144653786266616,False,False,False,False
119,2017-04-10,63.5,64.4000015258789,63.25,63.34999847412109,48.46129989624024,75757508,64.22000045776367,64.11500053405761,48.62068439352099,False,False,False,False
120,2017-04-17,63.34999847412109,63.34999847412109,61.79999923706055,62.29999923706055,47.6580810546875,101732730,63.74500007629395,64.1725004196167,44.444441674148536,False,False,False,True
121,2017-04-24,62.34999847412109,64.80000305175781,62.20000076293945,64.25,49.14978790283203,111815863,63.339999771118165,64.0975004196167,49.253731343283576,False,False,False,False
122,2017-05-01,64.25,66.8499984741211,64.05000305175781,66.5,50.8709831237793,119173524,63.63499984741211,64.22500038146973,49.253731343283576,False,False,False,False
123,2017-05-08,66.4000015258789,68.25,66.4000015258789,68.0999984741211,52.09493637084961,156159727,64.11999969482422,64.5200002670288,56.60918166858352,False,False,False,False
124,2017-05-15,68.0,69.1500015258789,66.5999984741211,67.0,51.25346755981445,142854635,64.51999969482422,64.7575002670288,49.8550636180933,False,False,False,False
125,2017-05-22,67.05000305175781,68.1500015258789,67.05000305175781,67.5,52.228782653808594,79742126,64.85499954223633,64.9450002670288,47.575748328006625,False,False,False,False
126,2017-05-29,67.80000305175781,68.5,67.4000015258789,68.4000015258789,52.9251708984375,68155166,65.39499969482422,65.16500034332276,69.16997298952603,False,False,True,False
127,2017-06-05,68.19999694824219,69.19999694824219,68.0,68.5999984741211,53.07991409301758,126582116,65.92499961853028,65.37000026702881,71.31474273125131,False,True,False,False
128,2017-06-12,68.5999984741211,69.19999694824219,67.55000305175781,68.3499984741211,52.886478424072266,91829530,66.43499946594238,65.45000019073487,71.31474273125131,False,False,False,False
129,2017-06-19,68.44999694824219,69.0999984741211,67.55000305175781,67.80000305175781,52.46090316772461,93836053,66.87999992370605,65.55000019073486,65.27198656203853,False,False,False,False
130,2017-06-26,68.19999694824219,74.19999694824219,67.8499984741211,72.6500015258789,56.21364212036133,240578229,67.9150001525879,65.83000011444092,80.83070285554109,False,True,False,False
131,2017-07-03,72.8499984741211,74.5,72.30000305175781,73.1500015258789,56.60051345825195,215441157,68.80500030517578,66.07250003814697,81.07258785182792,False,False,False,False
132,2017-07-10,73.30000305175781,75.9000015258789,73.30000305175781,75.1500015258789,58.148040771484375,167164790,69.67000045776368,66.65250015258789,83.42699350215169,False,False,False,False
133,2017-07-17,75.0999984741211,75.5,74.69999694824219,75.0999984741211,58.10934066772461,94206794,70.37000045776367,67.24500007629395,83.0986057759055,False,False,False,False
134,2017-07-24,74.8499984741211,77.5999984741211,74.8499984741211,76.44999694824219,59.1539192199707,139713098,71.31500015258788,67.91749992370606,89.19668778453058,False,False,False,False
135,2017-07-31,76.5999984741211,79.55000305175781,76.5999984741211,78.5,60.740142822265625,199818964,72.4150001525879,68.6349998474121,89.25621154825899,False,False,False,False
136,2017-08-07,78.69999694824219,78.80000305175781,74.5,74.75,58.41368865966797,170327358,73.05,69.22249984741211,70.99237293268581,False,False,False,False
137,2017-08-14,74.9000015258789,75.80000305175781,73.5999984741211,73.80000305175781,57.67130279541016,105386674,73.57000045776367,69.74750003814697,65.00001806962588,False,False,False,False
138,2017-08-21,73.69999694824219,75.1500015258789,73.69999694824219,75.0,58.60903930664063,60920303,74.23500061035156,70.33500003814697,70.94241841537,False,True,False,False
139,2017-08-28,74.80000305175781,76.4000015258789,74.6500015258789,75.9000015258789,59.31235885620117,124318123,75.04500045776368,70.96250019073486,71.53847387792104,False,False,False,False
140,2017-09-04,75.75,75.8499984741211,74.0,74.44999694824219,58.17924880981445,100868573,75.225,71.57000007629395,65.08727382454975,False,False,False,False
141,2017-09-11,75.19999694824219,76.19999694824219,74.9000015258789,75.3499984741211,58.882545471191406,87145995,75.44499969482422,72.125,66.26506024096386,False,False,False,False
142,2017-09-18,75.5999984741211,77.19999694824219,75.3499984741211,76.19999694824219,59.546783447265625,116968822,75.54999923706055,72.60999984741211,68.38407268186995,False,False,False,False
143,2017-09-25,76.5,77.0999984741211,75.75,76.55000305175781,59.82029342651367,91786582,75.69499969482422,73.03250007629394,70.68557024198337,False,True,False,False
144,2017-10-02,76.55000305175781,77.94999694824219,76.55000305175781,77.3499984741211,60.44545364379883,69281885,75.78499984741211,73.55,63.7426762300275,False,False,False,False
145,2017-10-09,77.3499984741211,79.6500015258789,76.6500015258789,77.19999694824219,60.32823181152344,134899628,75.65499954223633,74.03499984741211,62.08953306760278,False,False,False,False
146,2017-10-16,77.19999694824219,77.75,76.0,76.5,60.38417434692383,72693219,75.82999954223632,74.43999977111817,54.368925806258865,False,False,False,False
147,2017-10-23,77.05000305175781,77.44999694824219,76.0999984741211,77.0999984741211,60.85777282714844,65111943,76.15999908447266,74.86499977111816,56.25,False,False,False,False
148,2017-10-30,77.19999694824219,78.05000305175781,75.5,75.5999984741211,59.67377471923828,131505534,76.21999893188476,75.22749977111816,47.368426025350374,False,False,False,False
149,2017-11-06,75.5,76.1500015258789,74.8499984741211,75.94999694824219,59.95003509521485,85699665,76.2249984741211,75.63499946594239,41.17645816503783,False,False,False,False
150,2017-11-13,75.9000015258789,76.25,75.05000305175781,75.25,59.39750289916992,60785698,76.30499877929688,75.76499938964844,52.19298363025525,False,False,False,False
151,2017-11-20,75.25,78.0999984741211,74.80000305175781,76.30000305175781,60.2263069152832,160631431,76.39999923706054,75.92249946594238,60.869565217391305,False,False,False,False
152,2017-11-27,76.5999984741211,78.30000305175781,76.0999984741211,77.9000015258789,61.48924255371094,191468319,76.56999969482422,76.05999946594238,62.184878798428215,False,False,False,False
153,2017-12-04,77.55000305175781,78.0999984741211,76.0999984741211,76.80000305175781,60.620975494384766,148126878,76.59499969482422,76.14499969482422,53.71901503873652,False,False,False,False
154,2017-12-11,76.80000305175781,80.4000015258789,76.80000305175781,78.55000305175781,62.00231170654297,218439391,76.71500015258789,76.25,66.53229081297391,False,False,False,False
155,2017-12-18,78.69999694824219,80.0999984741211,78.30000305175781,80.0,63.14683532714844,87424185,76.99500045776367,76.325,67.95368865328409,False,False,False,False
156,2017-12-25,80.0,80.3499984741211,79.69999694824219,79.94999694824219,63.10737228393555,48429398,77.34000015258789,76.5849998474121,65.43210651770397,False,False,False,False
157,2018-01-01,79.94999694824219,81.44999694824219,79.94999694824219,80.80000305175781,63.77831268310547,91848728,77.71000061035156,76.93499984741212,66.79842707742785,False,False,False,False
158,2018-01-08,80.5,84.4000015258789,80.05000305175781,83.69999694824219,66.06737518310547,195677239,78.52000045776367,77.36999969482422,71.5254296903085,False,True,False,False
159,2018-01-15,84.9000015258789,86.0,83.80000305175781,85.4000015258789,67.40926361083984,170490258,79.46500091552734,77.84499969482422,75.1533953389535,False,False,False,False
160,2018-01-22,85.25,85.94999694824219,84.69999694824219,85.69999694824219,67.64604949951172,125548057,80.51000061035157,78.40749969482422,78.93081911898213,False,False,False,False
161,2018-01-29,85.55000305175781,85.6500015258789,83.0,83.69999694824219,66.06737518310547,160259460,81.25,78.82499961853027,69.07514514596183,False,False,False,False
162,2018-02-05,82.0,83.30000305175781,77.9000015258789,79.80000305175781,62.98898696899414,383682383,81.44000015258788,79.00499992370605,60.65991587522951,False,False,False,False
163,2018-02-12,80.0,83.75,79.4000015258789,83.55000305175781,65.9489974975586,153561860,82.1150001525879,79.35499992370606,66.45023618104725,False,False,False,False
164,2018-02-19,83.55000305175781,85.0,79.4000015258789,79.6500015258789,62.87058639526367,198652884,82.225,79.47000007629394,58.36502336828835,False,False,False,False
165,2018-02-26,80.0999984741211,80.0999984741211,77.05000305175781,77.19999694824219,62.19215774536133,147098340,81.94499969482422,79.47000007629394,51.62453789826408,False,False,False,False
166,2018-03-05,77.0,77.05000305175781,75.9000015258789,76.5999984741211,61.70880889892578,111716259,81.60999984741211,79.475,47.565537078004425,False,False,False,False
167,2018-03-12,77.0999984741211,77.69999694824219,75.9000015258789,76.94999694824219,61.99077606201172,113396096,81.22499923706054,79.46749992370606,50.28900561488223,False,False,False,False
168,2018-03-19,76.5,77.9000015258789,74.0999984741211,74.6500015258789,60.137916564941406,121527792,80.31999969482422,79.42000007629395,42.64150443642222,False,False,False,False
169,2018-03-26,74.05000305175781,75.55000305175781,73.55000305175781,74.0,59.6142692565918,98638912,79.17999954223633,79.32250022888184,38.326846862893525,False,False,False,True
170,2018-04-02,74.0,74.0,72.4000015258789,73.05000305175781,58.84893798828125,73591296,77.9150001525879,79.21250038146972,37.03008219671569,False,False,False,False
171,2018-04-09,73.80000305175781,76.3499984741211,73.5999984741211,76.30000305175781,61.46714782714844,96053071,77.17500076293945,79.21250038146972,42.24137522802694,False,False,False,False
172,2018-04-16,76.5999984741211,77.6500015258789,75.1500015258789,76.80000305175781,61.86994934082031,102497406,76.87500076293945,79.15750045776367,37.03008219671569,False,False,False,False
173,2018-04-23,77.05000305175781,77.80000305175781,76.69999694824219,77.4000015258789,62.35330581665039,77260957,76.26000061035157,79.18750038146973,34.313716103776585,False,False,False,False
174,2018-04-30,77.9000015258789,78.69999694824219,74.8499984741211,74.94999694824219,60.37958908081055,107708407,75.7900001525879,79.00750007629395,30.56057437074726,False,False,False,False
175,2018-05-07,75.4000015258789,77.9000015258789,75.0,77.55000305175781,62.47412872314453,74741156,75.82500076293945,78.88500022888184,39.11505505047013,False,False,False,False
176,2018-05-14,78.05000305175781,78.5999984741211,76.69999694824219,77.25,62.23244094848633,74158964,75.89000091552734,78.75000038146973,44.82758193780978,False,False,False,False
177,2018-05-21,77.5,78.25,76.80000305175781,77.05000305175781,62.70183181762695,54637669,75.9000015258789,78.56250038146973,34.597160853624146,False,False,False,False
178,2018-05-28,77.0,77.0999984741211,74.6500015258789,75.94999694824219,61.80668258666992,97573325,76.03000106811524,78.17500038146973,39.89070377579766,False,False,False,False
179,2018-06-04,76.19999694824219,77.44999694824219,76.0,76.55000305175781,62.2949447631836,68658707,76.28500137329101,77.73250045776368,48.02433612722017,False,False,False,False
180,2018-06-11,76.55000305175781,77.19999694824219,76.1500015258789,76.3499984741211,62.13219833374024,62294312,76.61500091552735,77.26500053405762,49.221184689129856,False,False,False,False
181,2018-06-18,76.3499984741211,76.3499984741211,73.75,74.4000015258789,60.54533767700195,92171814,76.42500076293945,76.80000076293945,42.77622380342894,False,False,False,False
182,2018-06-25,74.55000305175781,74.9000015258789,72.0999984741211,73.5999984741211,59.89430618286133,96315476,76.10500030517578,76.49000053405761,46.749221472248884,False,False,False,False
183,2018-07-02,73.5999984741211,73.5999984741211,71.44999694824219,72.5999984741211,59.080509185791016,83912896,75.625,75.94250030517578,45.757577018630954,False,False,False,False
184,2018-07-09,73.0999984741211,74.25,72.0999984741211,73.30000305175781,59.650169372558594,66703674,75.46000061035156,75.62500038146973,50.7692293246144,False,False,False,False
185,2018-07-16,73.44999694824219,73.69999694824219,72.5999984741211,73.19999694824219,59.56877136230469,56358600,75.025,75.42500038146973,38.167948711975434,False,False,False,False
186,2018-07-23,73.44999694824219,75.4000015258789,73.05000305175781,74.8499984741211,60.91153335571289,68045293,74.78499984741211,75.33750038146972,43.157896991135466,False,False,False,False
187,2018-07-30,74.5,75.25,72.1500015258789,72.30000305175781,58.83637619018555,84225526,74.30999984741212,75.10500068664551,34.25929806896674,False,False,False,False
188,2018-08-06,73.0,73.9000015258789,72.0999984741211,72.5999984741211,59.080509185791016,88080479,73.975,75.00250053405762,41.63703154653786,False,False,False,False
189,2018-08-13,72.0999984741211,72.5,69.8499984741211,70.0999984741211,57.04606246948242,115685641,73.32999954223632,74.80750045776367,23.297512602155805,True,False,False,False
190,2018-08-20,69.94999694824219,70.5999984741211,69.19999694824219,69.4000015258789,57.102638244628906,81279858,72.6349998474121,74.62500038146973,22.64811511602251,False,False,False,False
191,2018-08-27,69.55000305175781,70.75,68.80000305175781,68.8499984741211,56.650089263916016,86121501,72.07999954223632,74.25250015258788,22.108865603985137,False,False,False,False
192,2018-09-03,68.4000015258789,68.94999694824219,66.75,67.19999694824219,55.29246139526367,118269331,71.43999938964843,73.7724998474121,21.31150411486604,False,False,False,False
193,2018-09-10,66.8499984741211,68.19999694824219,66.0999984741211,67.9000015258789,55.86843490600586,115194947,70.96999969482422,73.29749984741211,21.824124471845067,False,False,False,False
194,2018-09-17,67.5999984741211,69.75,67.0999984741211,69.75,57.3906135559082,85822062,70.61499938964843,73.0375,30.58824849375624,False,False,False,False
195,2018-09-24,68.94999694824219,70.19999694824219,68.8499984741211,69.19999694824219,56.938079833984375,52537026,70.21499938964844,72.61999969482422,33.33333333333333,False,False,False,False
196,2018-10-01,69.19999694824219,69.19999694824219,66.5999984741211,68.44999694824219,56.32096862792969,71224760,69.57499923706055,72.17999954223633,33.44052093764458,False,False,False,False
197,2018-10-08,68.19999694824219,68.75,65.3499984741211,66.05000305175781,54.34624099731445,141878796,68.94999923706055,71.62999954223633,30.678484798154187,False,False,False,False
198,2018-10-15,65.4000015258789,65.44999694824219,63.09999847412109,63.84999847412109,53.14707565307617,131862336,68.07499923706055,71.02499961853027,24.390237850967566,True,False,False,False
199,2018-10-22,63.54999923706055,64.4000015258789,60.34999847412109,60.5,50.35862350463867,169986669,67.11499938964843,70.22249946594238,20.737330105313788,False,False,False,False
200,2018-10-29,60.84999847412109,66.75,60.650001525878906,66.4000015258789,55.269630432128906,179070771,66.81499938964843,69.72499961853028,33.71869375342146,False,False,False,False
201,2018-11-05,65.4000015258789,66.6500015258789,64.6500015258789,64.6500015258789,53.8129768371582,92882064,66.39499969482422,69.23749961853028,34.791250374265005,False,False,False,False
202,2018-11-12,64.5,66.19999694824219,63.70000076293945,66.19999694824219,55.103145599365234,64751978,66.29499969482421,68.86749954223633,37.878785689453025,False,False,False,False
203,2018-11-19,65.9000015258789,66.3499984741211,64.30000305175781,65.9000015258789,54.85343551635742,56335292,66.09499969482422,68.53249969482422,41.32231926056655,False,False,False,False
204,2018-11-26,66.30000305175781,67.8499984741211,66.05000305175781,66.9000015258789,55.68580627441406,73641096,65.80999984741212,68.21249961853027,44.89795918367347,False,False,False,False
205,2018-12-03,67.5999984741211,68.25,63.70000076293945,63.70000076293945,53.022216796875,133848300,65.26000022888184,67.73749980926513,40.51565719090165,False,False,False,False
206,2018-12-10,63.29999923706055,65.19999694824219,63.04999923706055,64.0999984741211,53.35516357421875,79960613,64.82500038146972,67.19999980926514,44.015445550854196,False,False,False,False
207,2018-12-17,64.9000015258789,64.9000015258789,63.09999847412109,64.55000305175781,53.729736328125,56875972,64.67500038146973,66.81249980926513,43.469786995582396,False,False,False,False
208,2018-12-24,64.19999694824219,64.9000015258789,63.5,63.75,53.0638427734375,29961805,64.66500053405761,66.36999988555908,37.80487729234632,False,False,False,False
209,2018-12-31,64.75,64.8499984741211,63.04999923706055,64.3499984741211,53.563262939453125,47849737,65.05000038146973,66.08249988555909,40.162272464471464,False,False,False,False
210,2019-01-07,65.25,66.0,64.1500015258789,65.4000015258789,54.43725204467773,84865812,64.95000038146972,65.88249988555908,43.88778397710754,False,False,False,False
211,2019-01-14,64.80000305175781,65.5,64.4000015258789,65.3499984741211,54.3956413269043,65735253,65.02000007629394,65.70749988555909,48.45131772436153,False,False,False,False
212,2019-01-21,65.5999984741211,65.9000015258789,64.80000305175781,65.9000015258789,54.85343551635742,66988045,64.99000053405761,65.64250011444092,54.89260764636328,False,False,False,False
213,2019-01-28,65.9000015258789,66.94999694824219,65.44999694824219,66.0999984741211,55.01992034912109,83756343,65.01000022888184,65.55249996185303,65.73033009555601,False,False,False,False
214,2019-02-04,65.69999694824219,66.0999984741211,65.0999984741211,65.8499984741211,54.81182098388672,23055922,64.90499992370606,65.35749988555908,47.736613239980535,False,False,False,False
215,2019-02-11,65.80000305175781,67.4000015258789,65.5999984741211,66.3499984741211,55.22801208496094,92151207,65.16999969482421,65.21499996185302,57.79815004707125,False,False,False,False
216,2019-02-18,67.05000305175781,68.0,64.19999694824219,64.4000015258789,53.60488128662109,238215232,65.2,65.01250019073487,42.03542063608878,False,False,True,False
217,2019-02-25,64.5,64.80000305175781,63.59999847412109,64.19999694824219,54.8057975769043,145664662,65.16499938964844,64.91999988555908,42.41070212151432,False,False,False,False
218,2019-03-04,64.0999984741211,65.19999694824219,63.900001525878906,64.25,54.84847259521485,149939896,65.21499938964844,64.93999996185303,37.07318253206201,False,False,False,False
219,2019-03-11,64.25,65.0999984741211,64.0999984741211,64.8499984741211,55.360687255859375,87738374,65.26499938964844,65.15749988555908,57.51631216637039,False,False,False,False
220,2019-03-18,64.94999694824219,65.4000015258789,64.30000305175781,64.75,55.27531051635742,82276220,65.19999923706055,65.07499980926514,54.42177082587262,False,False,False,False
221,2019-03-25,63.84999847412109,64.0999984741211,63.650001525878906,63.900001525878906,54.54970169067383,111444761,65.05499954223633,65.03749980926514,45.806445896817216,False,False,False,False
222,2019-04-01,64.1500015258789,66.94999694824219,64.0999984741211,66.5,56.76924133300781,122224543,65.11499938964843,65.05249996185303,64.3979011582296,False,False,False,False
223,2019-04-08,66.55000305175781,67.0,66.30000305175781,66.9000015258789,57.1107063293457,78572284,65.19499969482422,65.10249996185303,63.636371054340835,False,False,False,False
224,2019-04-15,67.5,68.0,66.80000305175781,67.5999984741211,57.70827865600586,66788843,65.36999969482422,65.13749980926514,62.222205268012154,False,False,False,False
225,2019-04-22,67.5999984741211,67.9000015258789,66.69999694824219,67.0,57.19608688354492,39945396,65.43499984741212,65.30249977111816,58.638755585238755,False,False,False,False
226,2019-04-29,67.5,70.5,67.25,69.69999694824219,59.50099563598633,105505318,65.96499938964844,65.58249969482422,66.23931150194224,False,False,False,False
227,2019-05-06,68.5,68.8499984741211,66.0999984741211,66.9000015258789,57.1107063293457,120946370,66.23499984741211,65.69999961853027,52.79721585549594,False,False,False,False
228,2019-05-13,66.9000015258789,66.9000015258789,65.4000015258789,65.55000305175781,55.95825958251953,68251337,66.3650001525879,65.78999977111816,49.02598801985824,False,False,False,False
229,2019-05-20,65.5,65.6500015258789,64.9000015258789,65.4000015258789,56.49190521240234,62525464,66.42000045776368,65.84249992370606,46.84386139938925,False,False,False,False
230,2019-05-27,65.5,65.6500015258789,64.0,64.05000305175781,55.3257942199707,62649372,66.35000076293946,65.775,48.78893172030038,False,False,False,False
231,2019-06-03,64.0,64.55000305175781,63.150001525878906,64.30000305175781,55.54174041748047,64967267,66.39000091552734,65.72250022888184,50.34484899570754,False,False,False,False
232,2019-06-10,64.5,65.55000305175781,63.650001525878906,63.79999923706055,55.10984420776367,80427821,66.1200008392334,65.61750011444092,48.49497926665372,False,False,False,False
233,2019-06-17,64.30000305175781,65.4000015258789,63.84999847412109,64.6500015258789,55.84406661987305,76269125,65.8950008392334,65.54500026702881,49.34211483953415,False,False,False,False
234,2019-06-24,64.30000305175781,65.05000305175781,64.0,64.80000305175781,55.97364044189453,51295267,65.61500129699706,65.49250049591065,50.16394451401233,False,False,False,False
235,2019-07-01,64.80000305175781,65.80000305175781,64.80000305175781,65.44999694824219,56.53509140014648,46119605,65.46000099182129,65.4475004196167,55.14949062977788,False,False,False,False
236,2019-07-08,65.19999694824219,65.5,64.69999694824219,65.19999694824219,56.319149017333984,48064698,65.01000099182129,65.48750019073486,44.881873444458265,False,False,False,True
237,2019-07-15,65.0,65.30000305175781,64.5999984741211,65.05000305175781,56.1895866394043,42668718,64.82500114440919,65.53000049591064,42.57027632543307,False,False,False,False
238,2019-07-22,64.8499984741211,65.4000015258789,63.900001525878906,64.25,55.4985466003418,60712112,64.6950008392334,65.53000049591064,36.653379551500585,False,False,False,False
239,2019-07-29,64.05000305175781,64.25,62.150001525878906,62.150001525878906,53.6845932006836,105683833,64.3700008392334,65.39500064849854,32.74020395751428,False,False,False,False
240,2019-08-05,61.5,61.59999847412109,59.04999923706055,60.0,51.82744216918945,181584332,63.965000534057616,65.15750064849854,14.074065073685858,True,False,False,False
241,2019-08-12,59.400001525878906,59.5,55.79999923706055,56.5,48.80417251586914,224180186,63.18500022888183,64.78750057220459,13.380268447288941,False,False,False,False
242,2019-08-19,56.95000076293945,58.09999847412109,56.79999923706055,57.09999847412109,49.996368408203125,114405345,62.51500015258789,64.31750049591065,18.587336450135467,False,False,False,False
243,2019-08-26,55.79999923706055,56.59999847412109,55.29999923706055,56.29999923706055,49.29589080810547,115900333,61.679999923706056,63.78750038146973,17.730476114980945,False,False,False,False
244,2019-09-02,56.150001525878906,58.400001525878906,55.70000076293945,57.900001525878906,50.69684219360352,141516183,60.989999771118164,63.302500534057614,28.571420976211684,False,False,False,False
245,2019-09-09,58.0,60.95000076293945,58.0,60.70000076293945,53.14849853515625,128620987,60.51500015258789,62.98750057220459,39.34910421190037,False,False,False,False
246,2019-09-16,61.0,61.0,59.09999847412109,60.0,52.535587310791016,71467169,59.99500045776367,62.50250072479248,38.888887649545644,False,False,False,False
247,2019-09-23,59.79999923706055,60.5,59.29999923706055,59.900001525878906,52.44803237915039,62227137,59.48000030517578,62.15250072479248,35.47399798229232,False,False,False,False
248,2019-09-30,59.79999923706055,60.5,58.0,58.25,51.0032958984375,102743172,58.880000305175784,61.78750057220459,31.65264310571652,False,False,False,False
249,2019-10-07,58.25,59.150001525878906,56.79999923706055,58.95000076293945,51.616207122802734,115124823,58.56000022888183,61.465000534057616,31.84358375296783,False,False,False,False
250,2019-10-14,59.84999847412109,61.20000076293945,59.54999923706055,60.900001525878906,54.05234146118164,110234943,58.650000381469724,61.30750045776367,39.030623068566065,False,False,False,False
251,2019-10-21,60.650001525878906,61.95000076293945,60.650001525878906,61.650001525878906,54.71801376342773,69269352,59.16500053405762,61.17500038146973,41.58415654607567,False,False,False,False
252,2019-10-28,61.70000076293945,62.29999923706055,58.900001525878906,59.59999847412109,52.89850997924805,119353526,59.41500053405762,60.96500034332276,39.1608379171935,False,False,False,False
253,2019-11-04,59.650001525878906,60.5,59.650001525878906,60.04999923706055,53.29791259765625,72821324,59.79000053405762,60.73500022888184,44.696965756168105,False,False,False,False
254,2019-11-11,59.5,59.70000076293945,57.59999847412109,57.70000076293945,51.21215057373047,94094758,59.77000045776367,60.38000011444092,44.25000300407352,False,False,False,False
255,2019-11-18,57.79999923706055,59.0,57.5,58.150001525878906,51.61155319213867,64061633,59.51500053405762,60.015000343322754,54.867259823799294,False,False,False,False
256,2019-11-25,58.79999923706055,59.400001525878906,58.09999847412109,58.09999847412109,51.567169189453125,55333383,59.32500038146973,59.6600004196167,53.04877878582905,False,False,False,False
257,2019-12-02,58.25,58.54999923706055,56.900001525878906,57.45000076293945,50.99026107788086,95632962,59.08000030517578,59.28000030517578,53.53846457216018,False,False,False,False
258,2019-12-09,57.650001525878906,60.59999847412109,57.5,60.34999847412109,53.56418228149414,88571579,59.29000015258789,59.08500022888184,56.98004707183453,False,False,True,False
259,2019-12-16,60.0,61.0,59.79999923706055,60.75,53.9192008972168,71498003,59.47000007629394,59.01500015258789,50.16501392552858,False,False,False,False
260,2019-12-23,60.70000076293945,60.900001525878906,60.150001525878906,60.84999847412109,54.00796127319336,28497272,59.46499977111815,59.05750007629395,52.92095634309299,False,False,False,False
261,2019-12-30,60.79999923706055,61.20000076293945,60.25,60.400001525878906,53.60855484008789,51547509,59.33999977111815,59.25250015258789,51.67785217716784,False,False,False,False
262,2020-01-06,60.09999847412109,60.400001525878906,58.84999847412109,59.84999847412109,53.12040328979492,76268420,59.36499977111815,59.39000015258789,55.79709463874822,False,False,False,True
263,2020-01-13,59.5,60.400001525878906,59.5,60.150001525878906,53.38666915893555,95741123,59.374999999999986,59.582500267028806,54.47761300253278,False,False,False,False
264,2020-01-20,59.900001525878906,60.25,58.59999847412109,58.75,52.14408493041992,78229899,59.479999923706046,59.625000190734866,41.63423928144795,False,False,False,False
265,2020-01-27,58.75,58.75,56.70000076293945,56.84999847412109,50.45772552490234,90936116,59.34999961853026,59.43250007629395,32.857141300124425,False,False,False,False
266,2020-02-03,56.34999847412109,58.25,56.0,57.79999923706055,51.3009033203125,114391847,59.319999694824205,59.32250003814697,43.02326165943998,False,False,False,False
267,2020-02-10,57.84999847412109,59.900001525878906,57.75,59.650001525878906,52.94289016723633,91749854,59.539999771118154,59.310000038146974,48.60140727582463,False,False,True,False
268,2020-02-17,59.150001525878906,59.59999847412109,56.20000076293945,56.650001525878906,50.28020858764648,228549208,59.170000076293945,59.23000011444092,46.48829883734727,False,False,False,True
269,2020-02-24,56.650001525878906,56.79999923706055,53.0,53.150001525878906,47.17375946044922,301442111,58.410000228881835,58.94000015258789,36.111116997987125,False,False,False,False
270,2020-03-02,52.5,53.09999847412109,50.54999923706055,50.650001525878906,45.12529754638672,329534979,57.39000053405762,58.42750015258789,31.784852614680617,False,False,False,False
271,2020-03-09,49.0,49.54999923706055,42.0,45.70000076293945,40.7152214050293,451820404,55.92000045776367,57.63000011444092,26.262633579868037,True,False,False,False
272,2020-03-16,44.0,47.0,43.5,47.0,41.8734245300293,347911916,54.63500061035156,57.000000190734866,21.166321394132112,False,False,False,False
273,2020-03-23,44.75,46.59999847412109,43.84999847412109,45.400001525878906,40.44794464111328,214963187,53.16000061035156,56.26750030517578,18.48050384696849,False,False,False,False
274,2020-03-30,44.79999923706055,45.150001525878906,37.59999847412109,37.900001525878906,33.766021728515625,509267516,51.07500076293945,55.27750034332276,13.858281207159791,False,False,False,False
275,2020-04-06,38.5,41.04999923706055,38.04999923706055,41.0,36.52788162231445,224130095,49.49000091552735,54.42000026702881,21.80233086812288,False,False,False,False
276,2020-04-13,41.0,41.900001525878906,39.34999847412109,39.5,35.191490173339844,156203582,47.66000099182129,53.490000343322755,21.21641448302715,False,False,False,False
277,2020-04-20,40.20000076293945,40.59999847412109,38.34999847412109,38.75,34.52330780029297,119320897,45.5700008392334,52.55500030517578,20.11173226027401,False,False,False,False
278,2020-04-27,38.95000076293945,40.75,38.79999923706055,40.25,35.85968780517578,117252931,43.930000686645506,51.55000038146973,24.233984382056263,False,False,False,False
279,2020-05-04,39.0,39.75,38.29999923706055,39.54999923706055,35.23604202270508,153666315,42.57000045776367,50.49000034332275,25.072047756930587,False,False,False,False
280,2020-05-11,39.84999847412109,40.45000076293945,38.0,38.09999847412109,33.9442024230957,166853459,41.31500015258789,49.35250034332275,22.017044977338855,False,False,False,False
281,2020-05-18,38.0,39.650001525878906,35.45000076293945,35.849998474121094,31.93961906433105,237471192,40.329999923706055,48.125000190734866,16.573027988949377,False,False,False,False
282,2020-05-25,35.54999923706055,38.20000076293945,35.0,35.849998474121094,31.93961906433105,221512300,39.214999771118165,46.92500019073486,18.098153335391245,False,False,False,False
283,2020-06-01,36.150001525878906,40.59999847412109,36.150001525878906,40.5,36.08242034912109,348266971,38.724999618530276,45.94250011444092,31.25925699869792,False,False,False,False
284,2020-06-08,41.09999847412109,41.400001525878906,36.400001525878906,37.29999923706055,33.23146057128906,297865349,38.664999389648436,44.87000007629395,30.624089995405754,False,False,False,False
285,2020-06-15,36.59999847412109,37.900001525878906,36.29999923706055,37.34999847412109,33.27600860595703,158735989,38.29999923706054,43.89500007629395,35.871400161753485,False,False,False,False
286,2020-06-22,37.25,37.900001525878906,36.09999847412109,36.70000076293945,32.6969108581543,102870592,38.01999931335449,42.84000015258789,32.179930704500705,False,False,False,False
287,2020-06-29,36.84999847412109,38.0,35.900001525878906,37.45000076293945,33.3651008605957,143728586,37.88999938964843,41.73000011444092,35.828875259940006,False,False,False,False
288,2020-07-06,37.34999847412109,40.0,36.25,36.400001525878906,32.429630279541016,284933183,37.50499954223632,40.71750011444092,46.52777753249115,False,False,False,False
289,2020-07-13,36.95000076293945,37.79999923706055,36.45000076293945,36.95000076293945,32.91963577270508,163734388,37.244999694824216,39.90750007629394,39.37008031690223,False,False,False,False
290,2020-07-20,36.5,37.59999847412109,36.0,36.0,32.07326889038086,121913945,37.03499984741211,39.175,40.54054054054053,False,False,False,False
291,2020-07-27,36.04999923706055,36.650001525878906,34.099998474121094,34.95000076293945,31.13779067993164,256694681,36.945000076293944,38.6375,39.89361864023487,False,False,False,False
292,2020-08-03,35.0,35.20000076293945,32.099998474121094,32.79999923706055,29.22230529785156,290955578,36.64000015258789,37.92749996185303,30.84832783879658,False,False,False,False
293,2020-08-10,32.900001525878906,36.0,32.75,34.70000076293945,30.915061950683597,209582593,36.06000022888183,37.392499923706055,38.25666315800751,False,False,False,False
294,2020-08-17,34.75,35.150001525878906,33.5,33.650001525878906,29.979589462280277,107722525,35.69500045776367,37.179999923706056,39.01235321421682,False,False,False,False
295,2020-08-24,33.54999923706055,35.0,33.099998474121094,34.0,30.291414260864254,144504831,35.36000061035156,36.829999923706055,44.9591318039341,False,False,False,False
296,2020-08-31,34.400001525878906,34.75,32.599998474121094,33.099998474121094,29.48957633972168,174026775,35.000000381469725,36.50999984741211,42.85714285714285,False,False,False,False
297,2020-09-07,33.29999923706055,33.54999923706055,32.150001525878906,32.25,28.732297897338867,102958783,34.48000030517578,36.18499984741211,23.300965600065553,True,False,False,False
298,2020-09-14,32.150001525878906,32.29999923706055,30.799999237060547,30.950000762939453,27.574094772338867,129384052,33.93500022888183,35.71999988555908,26.56826339719315,False,False,False,False
299,2020-09-21,30.25,30.450000762939453,27.5,28.200000762939453,25.12405586242676,422901966,33.06000022888183,35.152499961853025,21.846154279539675,False,False,False,False
300,2020-09-28,28.350000381469727,31.399999618530277,28.25,29.799999237060547,26.549531936645508,241607979,32.44000015258789,34.7375,29.941852470549193,False,False,False,False
301,2020-10-05,30.700000762939453,31.899999618530277,30.700000762939453,31.450000762939453,28.01955795288086,164220244,32.09000015258789,34.51750011444092,33.42541296735841,False,False,False,False
302,2020-10-12,31.399999618530277,31.700000762939453,29.700000762939453,30.149999618530277,26.861358642578125,126023702,31.825000190734862,34.23250017166138,32.970022404849544,False,False,False,False
303,2020-10-19,30.5,32.79999923706055,30.450000762939453,32.25,28.732297897338867,158001007,31.580000114440917,33.82000017166138,38.190953762422204,False,False,False,False
304,2020-10-26,32.25,34.0,31.649999618530277,32.099998474121094,28.598657608032227,221327549,31.424999809265138,33.56000013351441,39.79057314521352,False,False,False,False
305,2020-11-02,32.150001525878906,35.099998474121094,32.150001525878906,34.70000076293945,30.915061950683597,250246977,31.494999885559082,33.42750024795532,49.394673280038425,False,False,False,False
306,2020-11-09,35.04999923706055,39.70000076293945,34.650001525878906,37.25,33.186912536621094,330033859,31.910000038146972,33.45500020980835,60.57007153870186,False,False,False,False
307,2020-11-16,38.0,39.79999923706055,38.0,38.900001525878906,34.65693664550781,166672708,32.57500019073486,33.527500247955324,60.096154198844,False,False,False,False
308,2020-11-23,39.25,42.95000076293945,38.79999923706055,42.0,37.41880798339844,255959021,33.680000114440915,33.807500171661374,68.27132962303283,False,False,False,False
309,2020-11-30,42.0,44.0,40.5,43.75,38.97792053222656,262440301,35.23500003814697,34.147500133514406,70.10308962114635,False,True,True,False
310,2020-12-07,43.79999923706055,44.0,41.0,41.650001525878906,37.10698318481445,154752862,36.42000026702881,34.43000020980835,66.79764792818477,False,False,False,False
311,2020-12-14,41.650001525878906,41.95000076293945,40.650001525878906,41.150001525878906,36.66152191162109,143071366,37.390000343322754,34.74000024795532,67.72908508825856,False,False,False,False
312,2020-12-21,40.5,40.59999847412109,38.900001525878906,40.20000076293945,35.81513977050781,74607215,38.39500045776367,35.11000032424927,68.68686580667735,False,False,False,False
313,2020-12-28,40.20000076293945,40.79999923706055,39.54999923706055,40.650001525878906,36.21605682373047,72786999,39.23500061035156,35.40750036239624,77.72828112325055,False,True,False,False
314,2021-01-04,40.29999923706055,43.79999923706055,39.75,43.400001525878906,38.66609954833984,183179654,40.36500091552735,35.89500036239624,78.8135567193612,False,False,False,False
315,2021-01-11,43.04999923706055,43.400001525878906,42.09999847412109,42.95000076293945,38.26518249511719,114640915,41.19000091552734,36.342500400543216,75.66963673702455,False,False,False,False
316,2021-01-18,42.29999923706055,44.79999923706055,41.59999847412109,43.20000076293945,38.487911224365234,206013393,41.78500099182129,36.847500514984134,80.56205756332373,False,False,False,False
317,2021-01-25,43.34999847412109,43.400001525878906,40.79999923706055,40.95000076293945,36.48333358764648,133677949,41.99000091552735,37.2825005531311,70.23255632399514,False,False,False,False
318,2021-02-01,40.59999847412109,42.400001525878906,40.09999847412109,41.70000076293945,37.15152740478516,120816413,41.96000099182129,37.8200005531311,71.71945994248955,False,False,False,False
319,2021-02-08,41.79999923706055,43.0,41.09999847412109,42.650001525878906,37.99790573120117,58409177,41.85000114440918,38.54250059127808,69.43765395194228,False,False,False,False
320,2021-02-15,42.650001525878906,46.79999923706055,42.650001525878906,45.54999923706055,40.58158493041992,234699358,42.24000091552735,39.33000059127808,69.95192197476614,False,False,False,False
321,2021-02-22,46.400001525878906,49.5,45.59999847412109,47.29999923706055,42.14070129394531,337289953,42.85500068664551,40.12250051498413,70.09569050499843,False,True,False,False
322,2021-03-01,46.5,46.70000076293945,44.5,46.09999847412109,41.071590423583984,151398699,43.44500045776367,40.92000045776367,60.7894696687397,False,False,False,False
323,2021-03-08,47.09999847412109,49.29999923706055,45.70000076293945,45.75,40.75977325439453,201079997,43.95500030517578,41.595000457763675,55.681818674418594,False,False,False,False
324,2021-03-15,46.0,47.650001525878906,45.34999847412109,46.79999923706055,42.73828125,130727085,44.295000076293945,42.330000495910646,65.55890618909882,False,False,False,False
325,2021-03-22,45.900001525878906,46.650001525878906,44.29999923706055,44.84999847412109,40.957515716552734,89678153,44.48499984741211,42.837500381469724,60.277769300672716,False,False,False,False
326,2021-03-29,44.650001525878906,45.95000076293945,44.5,45.34999847412109,41.41411972045898,51662294,44.69999961853027,43.24250030517578,64.6723587893563,False,False,False,False
327,2021-04-05,45.34999847412109,46.95000076293945,45.34999847412109,46.54999923706055,42.50997924804688,53384954,45.259999465942386,43.625000190734866,66.12021299769553,False,False,False,False
328,2021-04-12,46.59999847412109,46.79999923706055,45.20000076293945,45.20000076293945,41.27714157104492,67277385,45.60999946594238,43.785000228881835,55.325442251005754,False,False,False,False
329,2021-04-19,45.70000076293945,46.45000076293945,44.45000076293945,44.79999923706055,40.9118537902832,78383609,45.824999237060545,43.837500190734865,55.48961021261336,False,False,False,False
330,2021-04-26,44.84999847412109,49.25,44.70000076293945,48.84999847412109,44.6103630065918,193046861,46.1549991607666,44.19750003814697,63.680383383583255,False,False,False,False
331,2021-05-03,48.45000076293945,49.400001525878906,46.84999847412109,49.09999847412109,44.83866882324219,103032626,46.334999084472656,44.59499988555908,71.84986249702133,False,True,False,False
332,2021-05-10,49.34999847412109,49.34999847412109,47.29999923706055,48.75,44.51904296875,112583770,46.599999237060544,45.02249984741211,69.3150704402287,False,False,False,False
333,2021-05-17,48.79999923706055,49.20000076293945,48.25,48.54999923706055,44.33640670776367,58130975,46.8799991607666,45.417499732971194,66.85713999222673,False,False,False,False
334,2021-05-24,48.54999923706055,50.84999847412109,48.400001525878906,50.79999923706055,46.3911247253418,139498155,47.2799991607666,45.787499618530276,65.57863642558533,False,False,False,False
335,2021-05-31,50.0,50.29999923706055,48.54999923706055,48.54999923706055,44.33640670776367,127383711,47.64999923706055,46.06749954223633,53.60230579231599,False,False,False,False
336,2021-06-07,48.70000076293945,49.09999847412109,47.45000076293945,47.59999847412109,43.46884536743164,84850221,47.87499923706055,46.28749942779541,54.385965303652156,False,False,False,False
337,2021-06-14,47.84999847412109,48.5,47.0,47.20000076293945,43.10356521606445,87382164,47.939999389648435,46.59999942779541,54.22740803631147,False,False,False,False
338,2021-06-21,46.04999923706055,46.45000076293945,45.09999847412109,46.09999847412109,42.09903335571289,107938130,48.0299991607666,46.819999313354494,47.965114151483824,False,False,False,False
339,2021-06-28,46.09999847412109,46.20000076293945,44.400001525878906,44.84999847412109,40.957515716552734,75499275,48.03499908447266,46.9299991607666,50.0,False,False,False,False
340,2021-07-05,44.20000076293945,45.79999923706055,43.09999847412109,43.54999923706055,39.77034378051758,81905683,47.5049991607666,46.829999160766604,44.7976898368743,False,False,False,False
341,2021-07-12,44.400001525878906,45.75,43.75,43.75,39.95298385620117,115643413,46.96999931335449,46.652499198913574,41.41104488307484,False,False,False,False
342,2021-07-19,43.20000076293945,43.59999847412109,41.70000076293945,42.95000076293945,39.22241973876953,100555648,46.38999938964844,46.49499931335449,42.85714285714285,False,False,False,True
343,2021-07-26,42.70000076293945,44.650001525878906,42.04999923706055,43.04999923706055,39.31373596191406,177716114,45.83999938964844,46.35999927520752,44.336568460619965,False,False,False,False
344,2021-08-02,43.0,45.150001525878906,42.29999923706055,43.20000076293945,39.45071792602539,92532343,45.07999954223633,46.179999351501465,25.541133833790838,True,False,False,False
345,2021-08-09,43.79999923706055,44.59999847412109,43.400001525878906,44.20000076293945,40.36393737792969,66646918,44.64499969482422,46.14749946594238,30.08130888163926,False,False,False,False
346,2021-08-16,44.20000076293945,44.45000076293945,41.79999923706055,42.04999923706055,38.4005241394043,86371229,44.089999771118165,45.982499504089354,26.24113590303203,True,False,False,False
347,2021-08-23,42.45000076293945,42.59999847412109,41.20000076293945,42.0,38.84270477294922,75561990,43.56999969482422,45.75499954223633,26.523301509553562,False,False,False,False
348,2021-08-30,41.75,42.04999923706055,41.04999923706055,41.45000076293945,38.33404922485352,92470215,43.10499992370605,45.56749954223633,11.836740921954728,False,False,False,False
349,2021-09-06,41.45000076293945,41.70000076293945,40.25,40.900001525878906,37.82539749145508,94197392,42.71000022888184,45.37249965667725,13.744084054962016,False,False,False,False
350,2021-09-13,40.5,41.09999847412109,39.09999847412109,40.25,37.22426223754883,90003578,42.380000305175784,44.94249973297119,14.146348906726388,False,False,False,False
351,2021-09-20,39.900001525878906,40.79999923706055,38.29999923706055,39.70000076293945,36.71560287475586,81485194,41.97500038146973,44.47249984741211,13.942312982659999,False,False,False,False
352,2021-09-27,40.0,41.59999847412109,40.0,40.95000076293945,37.87163543701172,94094606,41.775000381469724,44.08249988555908,25.59242614402058,False,False,False,False
353,2021-10-04,40.59999847412109,44.20000076293945,40.04999923706055,43.84999847412109,40.55363464355469,145128478,41.85500030517578,43.84749984741211,45.901638319081364,False,False,False,False
354,2021-10-11,44.5,46.29999923706055,44.34999847412109,46.04999923706055,42.58825302124024,91221699,42.14000015258789,43.60999984741211,59.54198584426832,False,False,False,False
355,2021-10-18,46.5,47.150001525878906,45.5,46.5,43.004425048828125,72041138,42.37000007629395,43.507499885559085,60.29962664539199,False,False,False,False
356,2021-10-25,46.5,48.0,46.20000076293945,47.150001525878906,43.60556411743164,123200964,42.880000305175784,43.48500003814697,65.90909287949228,False,False,False,False
357,2021-11-01,46.54999923706055,47.59999847412109,44.59999847412109,45.45000076293945,42.03335571289063,77739892,43.22500038146973,43.39750003814697,58.108111591213,False,False,False,False
358,2021-11-08,45.5,45.900001525878906,44.59999847412109,45.29999923706055,41.89463424682617,69553000,43.61000022888184,43.357500076293945,57.094587976695294,False,False,True,False
359,2021-11-15,45.0,46.29999923706055,44.900001525878906,46.04999923706055,42.58825302124024,48769342,44.125,43.41750011444092,56.357381739166,False,False,False,False
360,2021-11-22,45.400001525878906,46.5,44.29999923706055,44.34999847412109,41.01604461669922,71726719,44.53499984741211,43.45750007629395,58.156024339387855,False,False,False,False
361,2021-11-29,43.95000076293945,45.29999923706055,42.20000076293945,44.84999847412109,41.47845458984375,115291858,45.04999961853027,43.5125,59.79380713523896,False,False,False,False
362,2021-12-06,44.5,45.95000076293945,44.25,45.20000076293945,41.80214691162109,59425727,45.474999618530276,43.625,63.06619653311952,False,False,False,False
363,2021-12-13,45.20000076293945,46.75,44.150001525878906,46.400001525878906,42.91194152832031,79876343,45.72999992370605,43.79250011444092,68.33332400852252,False,False,False,False
364,2021-12-20,45.79999923706055,46.45000076293945,45.20000076293945,46.45000076293945,42.95818328857422,46813134,45.77000007629395,43.95500011444092,71.5277724427961,False,True,False,False
365,2021-12-27,46.45000076293945,47.150001525878906,46.29999923706055,46.900001525878906,43.374359130859375,35385535,45.81000022888183,44.09000015258789,75.17481575421195,False,False,False,False
366,2022-01-03,47.0,50.150001525878906,46.650001525878906,50.09999847412109,46.333797454833984,183471293,46.10499992370605,44.492500114440915,78.153832502199,False,False,False,False
367,2022-01-10,50.79999923706055,54.70000076293945,50.59999847412109,54.54999923706055,50.44927978515625,230444047,47.01499977111816,45.12000007629395,80.05617032402411,False,False,False,False
368,2022-01-17,54.75,55.09999847412109,52.75,53.25,49.24700546264648,176058709,47.80999984741211,45.71000003814697,71.3017706735647,False,False,False,False
369,2022-01-24,52.650001525878906,55.75,51.650001525878906,55.59999847412109,51.42034149169922,155404397,48.76499977111816,46.44499988555908,74.20211967271523,False,False,False,False
370,2022-01-31,55.09999847412109,58.0,55.09999847412109,57.900001525878906,53.54744338989258,62749377,50.12000007629395,47.32749996185302,76.28361269844348,False,False,False,False
371,2022-02-07,57.5,59.54999923706055,57.09999847412109,59.0,54.56474685668945,121839111,51.535000228881835,48.292499923706046,84.1309765104998,False,False,False,False
372,2022-02-14,59.45000076293945,59.59999847412109,57.150001525878906,58.0,53.63992691040039,110671091,52.81500015258789,49.14499988555907,80.67632921462756,False,False,False,False
373,2022-02-21,58.0,58.54999923706055,53.20000076293945,54.75,50.63424301147461,182407725,53.65,49.68999996185302,68.75000102766624,False,False,False,False
374,2022-02-28,55.70000076293945,55.70000076293945,50.84999847412109,51.5,47.62855529785156,192476755,54.15499992370606,49.96249999999999,64.4444475270281,False,False,False,False
375,2022-03-07,48.20000076293945,49.650001525878906,47.59999847412109,48.84999847412109,45.177764892578125,231299279,54.349999618530276,50.07999992370605,57.434943816177544,False,False,False,False
376,2022-03-14,48.84999847412109,51.75,48.150001525878906,51.400001525878906,48.93889617919922,181306344,54.47999992370605,50.292499923706046,60.652921435201726,False,False,False,False
377,2022-03-21,51.54999923706055,53.5,50.84999847412109,52.79999923706055,50.27185821533203,87829220,54.304999923706056,50.6599998474121,60.92149808503493,False,False,False,False
378,2022-03-28,53.20000076293945,54.45000076293945,52.79999923706055,54.34999847412109,51.74763870239258,69258045,54.41499977111816,51.11249980926513,62.82467192673798,False,False,False,False
379,2022-04-04,54.29999923706055,54.34999847412109,53.150001525878906,53.95000076293945,51.36679458618164,49808230,54.25,51.507499885559085,61.46341481569055,False,False,False,False
380,2022-04-11,53.59999847412109,54.34999847412109,52.650001525878906,53.25,50.70030975341797,50785017,53.78499984741211,51.95249996185303,55.5752239396087,False,False,False,False
381,2022-04-18,52.79999923706055,55.09999847412109,52.34999847412109,54.150001525878906,51.55721664428711,67225244,53.3,52.41750011444092,49.19028805905583,False,False,False,False
382,2022-04-25,52.59999847412109,52.650001525878906,47.25,48.54999923706055,46.2253532409668,164035781,52.35499992370605,52.58500003814697,41.89655147466311,False,False,False,True
383,2022-05-02,48.54999923706055,51.79999923706055,48.150001525878906,49.0,46.653804779052734,78621932,51.77999992370606,52.714999961853025,37.82288378661125,False,False,False,False
384,2022-05-09,47.54999923706055,48.70000076293945,46.5,47.75,45.463661193847656,77665685,51.40499992370606,52.77999992370606,30.518233518606053,False,False,False,False
385,2022-05-16,47.59999847412109,48.900001525878906,47.34999847412109,48.45000076293945,46.13014221191406,87670853,51.36500015258789,52.85749988555908,29.434703624853967,True,False,False,False
386,2022-05-23,48.29999923706055,52.20000076293945,47.95000076293945,51.95000076293945,49.46255874633789,120266435,51.420000076293945,52.95,39.253999841449556,False,False,False,False
387,2022-05-30,52.59999847412109,52.900001525878906,51.59999847412109,52.29999923706055,49.79579925537109,75083211,51.37000007629395,52.8375,45.148514073662476,False,False,False,False
388,2022-06-06,52.29999923706055,52.70000076293945,49.70000076293945,49.95000076293945,47.55831527709961,98937694,50.93000030517578,52.67250003814697,46.817250325737525,False,False,False,False
389,2022-06-13,48.54999923706055,50.84999847412109,48.20000076293945,49.650001525878906,47.27268981933594,126297090,50.500000381469725,52.375000190734866,51.818188753995045,False,False,False,False
390,2022-06-20,48.84999847412109,51.70000076293945,48.70000076293945,50.79999923706055,48.36761474609375,102645047,50.255000305175784,52.02000007629395,48.54368338745205,False,False,False,False
391,2022-06-27,51.5,52.59999847412109,51.29999923706055,51.650001525878906,49.17692565917969,90963509,50.005000305175784,51.65250015258789,47.132175174710284,False,False,False,False
392,2022-07-04,50.900001525878906,52.400001525878906,48.5,49.79999923706055,47.41550064086914,107539331,50.130000305175784,51.242500114440915,38.82064195255493,False,False,False,False
393,2022-07-11,49.45000076293945,49.75,47.34999847412109,47.70000076293945,45.41605758666992,84696918,50.000000381469725,50.89000015258789,35.82766636056826,False,False,False,False
394,2022-07-18,48.400001525878906,49.54999923706055,47.84999847412109,48.59999847412109,46.2729606628418,71940264,50.08500022888184,50.74500007629395,39.55055836881142,False,False,False,False
395,2022-07-25,48.25,50.29999923706055,48.25,49.400001525878906,47.0346565246582,94971314,50.18000030517578,50.77250022888184,39.277653108848895,False,False,False,False
396,2022-08-01,49.25,52.5,48.70000076293945,51.09999847412109,48.65325546264648,117795075,50.09500007629394,50.757500076293944,56.986300739925994,False,False,False,False
397,2022-08-08,51.09999847412109,52.59999847412109,51.09999847412109,52.59999847412109,50.08143615722656,56856502,50.12499999999999,50.747500038146974,59.326423129483494,False,False,False,False
398,2022-08-15,52.20000076293945,52.5,50.09999847412109,50.34999847412109,47.93916702270508,42648982,50.16499977111816,50.54750003814697,56.40393857246102,False,False,False,False
399,2022-08-22,49.84999847412109,49.84999847412109,48.0,49.09999847412109,47.39337158203125,69261918,50.10999946594238,50.304999923706056,51.558747908090815,False,False,False,False
400,2022-08-29,48.09999847412109,49.29999923706055,47.59999847412109,48.09999847412109,46.428131103515625,88665807,49.83999938964843,50.04749984741211,39.50952749503619,False,False,False,False
401,2022-09-05,48.09999847412109,48.900001525878906,47.150001525878906,48.04999923706055,46.37986755371094,87329130,49.479999160766596,49.74249973297119,38.227143828705884,False,False,False,False
402,2022-09-12,49.0,49.20000076293945,47.20000076293945,47.59999847412109,45.94551086425781,57503916,49.25999908447265,49.69499969482422,42.72445008710027,False,False,False,False
403,2022-09-19,47.59999847412109,48.59999847412109,45.400001525878906,45.70000076293945,44.111549377441406,78863373,49.05999908447265,49.52999973297119,38.87323489621334,False,False,False,False
404,2022-09-26,43.59999847412109,43.59999847412109,39.79999923706055,41.25,39.81622695922852,212748620,48.324999237060545,49.20499973297119,27.315915479353407,True,False,False,False
405,2022-10-03,40.20000076293945,43.20000076293945,39.79999923706055,41.25,39.81622695922852,89366938,47.50999908447265,48.84499969482422,24.257418076531124,False,False,False,False
406,2022-10-10,40.54999923706055,41.29999923706055,38.5,40.54999923706055,39.14055633544922,139719503,46.454999160766604,48.27499961853027,25.721778942946116,False,False,False,False
407,2022-10-17,40.5,42.34999847412109,40.34999847412109,41.54999923706055,40.10579681396485,92713015,45.349999237060544,47.73749961853027,32.86907361708167,False,False,False,False
408,2022-10-24,41.54999923706055,43.09999847412109,39.75,40.04999923706055,38.65793228149414,154763662,44.319999313354494,47.24249954223633,26.95417900616748,True,False,False,False
409,2022-10-31,40.09999847412109,41.95000076293945,39.70000076293945,41.45000076293945,40.00927734375,85934166,43.55499954223633,46.832499504089355,29.242815370423074,False,False,False,False
410,2022-11-07,42.75,44.0,41.79999923706055,43.400001525878906,41.89149856567383,97028472,43.08499984741211,46.46249961853027,30.154648601520307,False,False,False,False
411,2022-11-14,43.400001525878906,44.79999923706055,43.34999847412109,44.150001525878906,42.61542892456055,80261390,42.695000076293944,46.08749961853027,27.34585453916212,True,False,False,False
412,2022-11-21,44.0,46.45000076293945,43.75,46.0,44.401123046875,54756253,42.535000228881835,45.89749965667725,38.08219596131208,False,False,False,False
413,2022-11-28,45.95000076293945,47.84999847412109,44.95000076293945,46.900001525878906,45.26984405517578,120893134,42.65500030517578,45.85749969482422,43.85475765166406,False,False,False,False
414,2022-12-05,47.54999923706055,47.650001525878906,46.25,47.20000076293945,45.55941390991211,101193963,43.250000381469725,45.787499809265135,47.38372769982416,False,False,False,False
415,2022-12-12,47.20000076293945,48.29999923706055,46.54999923706055,47.0,45.36637115478516,60910770,43.82500038146973,45.667499732971194,46.97406599843146,False,False,False,False
416,2022-12-19,46.75,48.25,46.400001525878906,47.900001525878906,46.235084533691406,39917759,44.560000610351565,45.507499885559085,50.842705057087606,False,False,False,False
417,2022-12-26,47.900001525878906,49.04999923706055,47.900001525878906,48.54999923706055,46.862491607666016,34010189,45.26000061035156,45.304999923706056,58.61026570571656,False,False,False,False
418,2023-01-02,47.79999923706055,52.650001525878906,47.0,52.20000076293945,50.38562774658203,99064613,46.47500076293945,45.39750003814697,84.76189876449857,False,True,True,False
419,2023-01-09,53.150001525878906,55.5,52.79999923706055,55.5,53.5709228515625,110808131,47.88000068664551,45.71750011444092,87.40156881152075,False,False,False,False
420,2023-01-16,56.20000076293945,56.900001525878906,56.04999923706055,56.900001525878906,54.92226409912109,101135813,49.23000068664551,46.15750026702881,91.39240286285731,False,False,False,False
421,2023-01-23,57.59999847412109,58.25,57.59999847412109,57.95000076293945,55.93576431274414,41139891,50.61000061035156,46.65250034332276,91.41413888424361,False,False,False,False
422,2023-01-30,58.0,58.5,55.5,55.900001525878906,53.95702362060547,124501256,51.60000076293945,47.06750049591064,88.94349018704386,False,False,False,False
423,2023-02-06,56.0,58.45000076293945,55.900001525878906,58.0,55.98402786254883,79072554,52.710000610351564,47.68250045776367,89.31116350807909,False,False,False,False
424,2023-02-13,57.0,58.29999923706055,57.0,58.20000076293945,56.17707443237305,69262198,53.810000610351565,48.53000049591064,88.3419684510688,False,False,False,False
425,2023-02-20,58.400001525878906,60.84999847412109,57.09999847412109,59.54999923706055,57.48015213012695,165707996,55.06500053405762,49.44500045776367,88.69346603625112,False,False,False,False
426,2023-02-27,59.29999923706055,60.400001525878906,57.70000076293945,58.0,55.98402786254883,108149595,56.07500038146973,50.31750049591064,80.61224728115216,False,False,False,False
427,2023-03-06,57.70000076293945,59.04999923706055,56.400001525878906,56.400001525878906,56.120365142822266,111252033,56.86000061035156,51.060000610351565,73.39902005478883,False,False,False,False
428,2023-03-13,55.45000076293945,56.84999847412109,52.75,53.79999923706055,53.53325271606445,167092176,57.02000045776367,51.747500610351565,64.60176752153026,False,False,False,False
429,2023-03-20,52.70000076293945,54.0,49.70000076293945,52.150001525878906,51.89143371582031,164662570,56.685000610351565,52.282500648498534,60.70686591709305,False,False,False,False
430,2023-03-27,51.95000076293945,54.09999847412109,51.20000076293945,53.20000076293945,52.93622970581055,65575190,56.31500053405762,52.772500610351564,60.95041475386605,False,False,False,False
431,2023-04-03,52.84999847412109,54.79999923706055,52.79999923706055,54.20000076293945,53.9312744140625,36515786,55.94000053405762,53.27500057220459,61.50713356290926,False,False,False,False
432,2023-04-10,54.79999923706055,55.84999847412109,54.29999923706055,55.59999847412109,55.3243293762207,43389622,55.910000228881835,53.75500049591064,57.62331612271286,False,False,False,False
433,2023-04-17,56.75,57.54999923706055,55.54999923706055,55.95000076293945,55.67259216308594,71272520,55.70500030517578,54.20750045776367,51.162792990023625,False,False,False,False
434,2023-04-24,55.95000076293945,57.09999847412109,55.0,56.150001525878906,55.8716049194336,54726156,55.500000381469725,54.65500049591064,47.933883602723206,False,False,False,False
435,2023-05-01,56.400001525878906,59.04999923706055,56.25,58.45000076293945,58.16020202636719,86300223,55.39000053405762,55.22750053405762,51.28866019924524,False,False,False,False
436,2023-05-08,59.09999847412109,59.84999847412109,57.900001525878906,58.75,58.45870971679688,79775137,55.465000534057616,55.77000045776367,58.07365286026749,False,False,False,True
437,2023-05-15,57.5,60.0,57.5,59.45000076293945,59.25508117675781,75398280,55.77000045776367,56.31500053405762,54.461541856394106,False,False,False,False
438,2023-05-22,59.45000076293945,60.0,57.84999847412109,58.34999847412109,58.158687591552734,59469217,56.22500038146973,56.6225004196167,50.43731116967974,False,False,False,False
439,2023-05-29,58.650001525878906,59.150001525878906,57.150001525878906,57.70000076293945,57.51081848144531,50289697,56.78000030517578,56.73250045776367,44.37690329079732,False,False,True,False
